id,score
0000aaaa,-0.59189546
2222bbbb,-1.4624588
4444cccc,-1.5122399
